{"cameraMode":{"drawMode":0,"name":"Shaded","section":"Shading Mode"},"sceneLighting":false,"audioPlay":false,"sceneViewState":{"showFog":true,"showMaterialUpdate":false,"showSkybox":false,"showFlares":true,"showImageEffects":true,"showParticleSystems":true},"in2DMode":false,"pivot":{"x":0.16698303818702699,"y":-0.03444714471697807,"z":-0.05366159602999687},"rotation":{"x":-0.11612599343061447,"y":0.8291410803794861,"z":-0.18742358684539796,"w":-0.5137278437614441},"size":2.0162951946258547,"orthographic":false}